{
  "leaspy_version": "1.2.0",
  "name": "linear",
  "features": [
    "memory",
    "concentration",
    "praxis",
    "language"
  ],
  "dimension": 4,
  "source_dimension": 2,
  "loss": "MSE",
  "parameters": {
    "g": [
      0.4631936550140381,
      0.06343183666467667,
      0.08865177631378174,
      0.26195257902145386
    ],
    "v0": [
      0.007421032525599003,
      0.005240275524556637,
      0.005015883594751358,
      0.012252520769834518
    ],
    "betas": [
      [
        0.04589872062206268,
        0.061720069497823715
      ],
      [
        0.034296512603759766,
        0.05834037438035011
      ],
      [
        0.03590341657400131,
        0.04372217133641243
      ]
    ],
    "tau_mean": 77.35801696777344,
    "tau_std": 8.48663330078125,
    "xi_mean": 0.0,
    "xi_std": 1.6700299978256226,
    "sources_mean": 0.0,
    "sources_std": 1.0,
    "noise_std": 0.10677202045917511,
    "mixing_matrix": [
      [
        -0.05804102122783661,
        -0.08185416460037231
      ],
      [
        0.026594752445816994,
        0.03449605405330658
      ],
      [
        0.014996879734098911,
        0.031122466549277306
      ],
      [
        0.016463613137602806,
        0.01630658283829689
      ]
    ]
  }
}