{
  "leaspy_version": "1.2.0",
  "name": "logistic",
  "features": [
    "memory",
    "concentration",
    "praxis",
    "language"
  ],
  "dimension": 4,
  "source_dimension": 2,
  "noise_model": "gaussian_scalar",
  "parameters": {
    "g": [
      -0.15880964696407318,
      2.8297555446624756,
      2.2811596393585205,
      1.3196712732315063
    ],
    "v0": [
      -3.4820213317871094,
      -4.177099704742432,
      -4.047799110412598,
      -2.951571226119995
    ],
    "betas": [
      [
        -0.07573990523815155,
        -0.052035752683877945
      ],
      [
        -0.08617401123046875,
        -0.018868762999773026
      ],
      [
        -0.09058830142021179,
        0.023861050605773926
      ]
    ],
    "tau_mean": 76.62067413330078,
    "tau_std": 7.940698146820068,
    "xi_mean": 0.0,
    "xi_std": 0.872547447681427,
    "sources_mean": 0.0,
    "sources_std": 1.0,
    "noise_std": 0.09089228510856628,
    "mixing_matrix": [
      [
        0.12608088552951813,
        0.04548659175634384
      ],
      [
        0.02593316324055195,
        -0.01535484567284584
      ],
      [
        -0.0408618226647377,
        -0.0025213465560227633
      ],
      [
        -0.05594753473997116,
        0.036358509212732315
      ]
    ]
  }
}