{
  "leaspy_version": "1.2.0",
  "name": "logistic_parallel",
  "features": [
    "memory",
    "concentration",
    "praxis",
    "language"
  ],
  "dimension": 4,
  "source_dimension": 2,
  "noise_model": "gaussian_scalar",
  "parameters": {
    "g": 0.7914233803749084,
    "tau_mean": 72.07982635498047,
    "tau_std": 7.283965587615967,
    "xi_mean": -1.608211636543274,
    "xi_std": 0.840673565864563,
    "sources_mean": 0.0,
    "sources_std": 1.0,
    "noise_std": 0.09427386522293091,
    "deltas": [
      -3.0179126262664795,
      -2.539705276489258,
      -1.130006194114685
    ],
    "betas": [
      [
        -0.08303098380565643,
        -0.05382657051086426
      ],
      [
        -0.06513414531946182,
        -0.025480998679995537
      ],
      [
        0.011094396002590656,
        0.06626971065998077
      ]
    ],
    "mixing_matrix": [
      [
        0.10158702731132507,
        0.04767043516039848
      ],
      [
        -0.005095671862363815,
        -0.017254872247576714
      ],
      [
        -0.015529372729361057,
        -0.0022036051377654076
      ],
      [
        0.02593519538640976,
        0.07323385775089264
      ]
    ]
  }
}