{"name": "logistic", "dimension": 4, "source_dimension": 2, "parameters": {"g": [0.08308842778205872, 2.9930171966552734, 2.6108357906341553, 1.5489522218704224], "betas": [[-0.043924566358327866, -0.04284730926156044], [-0.03767341747879982, -0.043334223330020905], [-0.06248068809509277, -0.06951095908880234]], "tau_mean": 75.35713958740234, "tau_std": 7.8425984382629395, "xi_mean": 0.0, "xi_std": 0.9030194282531738, "sources_mean": 0.0, "sources_std": 1.0, "noise_std": 0.09627842158079147, "v0": [-3.496457576751709, -4.574846267700195, -4.419936180114746, -3.106536388397217], "mixing_matrix": [[-0.07842135429382324, -0.08604507148265839], [-0.016042932868003845, -0.012255167588591576], [-0.00652015395462513, -0.009152401238679886], [0.028331853449344635, 0.03012990392744541]]}}