{"name": "logistic_parallel", "features":["memory", "concentration", "praxis", "language"], "dimension": 4, "source_dimension": 2, "parameters": {"g": 0.7914233803749084, "tau_mean": 72.07982635498047, "tau_std": 7.283965587615967, "xi_mean": -1.608211636543274, "xi_std": 0.840673565864563, "sources_mean": 0.0, "sources_std": 1.0, "noise_std": 0.09427386522293091, "deltas": [-3.0179126262664795, -2.539705276489258, -1.130006194114685], "betas": [[-0.08303098380565643, -0.05382657051086426], [-0.06513414531946182, -0.025480998679995537], [0.011094396002590656, 0.06626971065998077]], "mixing_matrix": [[-0.10158704221248627, -0.04767044633626938], [0.008837138302624226, -0.010716797783970833], [-0.006661337800323963, 0.0019577830098569393], [0.028588343411684036, 0.0744788721203804]]}}
