{
  "leaspy_version": "1.2.0",
  "name": "logistic",
  "features": [
    "MDS_UPDRS_3",
    "MoCA",
    "REM_quizz",
    "SCOPA",
    "PUTAMEN_R",
    "PUTAMEN_L",
    "CAUDATE_R",
    "CAUDATE_L"
  ],
  "dimension": 8,
  "source_dimension": 4,
  "noise_model": "gaussian_scalar",
  "parameters": {
    "g": [
      1.3637008666992188,
      2.1039202213287354,
      0.7381066083908081,
      1.8271658420562744,
      -0.8710320591926575,
      -0.9148833155632019,
      0.2679736912250519,
      0.25941982865333557
    ],
    "v0": [
      -4.626687526702881,
      -4.879326820373535,
      -3.9291090965270996,
      -4.847972393035889,
      -3.976041316986084,
      -4.086781024932861,
      -3.4513986110687256,
      -3.5193190574645996
    ],
    "betas": [
      [
        -0.057484112679958344,
        -0.050082024186849594,
        0.024335341528058052,
        -0.03568850830197334
      ],
      [
        -0.047316551208496094,
        0.10594331473112106,
        0.13063596189022064,
        0.03124426305294037
      ],
      [
        -0.020528139546513557,
        -0.023470517247915268,
        0.04991345480084419,
        -0.021960265934467316
      ],
      [
        -0.039555229246616364,
        -0.010464073158800602,
        -0.051655497401952744,
        0.018841000273823738
      ],
      [
        0.04017161950469017,
        -0.03276948630809784,
        0.012592559680342674,
        0.0255053099244833
      ],
      [
        -0.043004054576158524,
        -0.051619820296764374,
        -0.08499760180711746,
        0.023637373000383377
      ],
      [
        0.05240560695528984,
        -0.07938133180141449,
        -0.005894795060157776,
        0.030674098059535027
      ]
    ],
    "tau_mean": 64.25127410888672,
    "tau_std": 10.52665901184082,
    "xi_mean": 0.0,
    "xi_std": 0.7237674593925476,
    "sources_mean": 0.0,
    "sources_std": 1.0,
    "noise_std": 0.07997896522283554,
    "mixing_matrix": [
      [
        0.05147728696465492,
        0.0641941949725151,
        -0.024597642943263054,
        -0.012152005918323994
      ],
      [
        -0.034738536924123764,
        -0.021717408671975136,
        0.013466715812683105,
        -0.041057951748371124
      ],
      [
        -0.03578139469027519,
        0.12032809108495712,
        0.12512406706809998,
        0.028521211817860603
      ],
      [
        -0.005064045544713736,
        -0.004186190199106932,
        0.042524173855781555,
        -0.025610802695155144
      ],
      [
        -0.0273731742054224,
        0.004727423191070557,
        -0.05747650936245918,
        0.015965238213539124
      ],
      [
        0.05148481950163841,
        -0.018661484122276306,
        0.007186718285083771,
        0.0228346548974514
      ],
      [
        -0.02823587693274021,
        -0.03320332616567612,
        -0.0920543447136879,
        0.02015111595392227
      ],
      [
        0.06617312133312225,
        -0.062212713062763214,
        -0.012473391368985176,
        0.02742406353354454
      ]
    ]
  }
}