{"name": "logistic", "features": ["MDS_UPDRS_3", "MoCA", "REM_quizz", "SCOPA","PUTAMEN_R", "PUTAMEN_L", "CAUDATE_R", "CAUDATE_L"],"dimension": 8, "source_dimension": 4, "parameters": {"g": [1.3637008666992188, 2.1039202213287354, 0.7381066083908081, 1.8271658420562744, -0.8710320591926575, -0.9148833155632019, 0.2679736912250519, 0.25941982865333557], "v0": [-4.626687526702881, -4.879326820373535, -3.9291090965270996, -4.847972393035889, -3.976041316986084, -4.086781024932861, -3.4513986110687256, -3.5193190574645996], "betas": [[-0.057484112679958344, -0.050082024186849594, 0.024335341528058052, -0.03568850830197334], [-0.047316551208496094, 0.10594331473112106, 0.13063596189022064, 0.03124426305294037], [-0.020528139546513557, -0.023470517247915268, 0.04991345480084419, -0.021960265934467316], [-0.039555229246616364, -0.010464073158800602, -0.051655497401952744, 0.018841000273823738], [0.04017161950469017, -0.03276948630809784, 0.012592559680342674, 0.0255053099244833], [-0.043004054576158524, -0.051619820296764374, -0.08499760180711746, 0.023637373000383377], [0.05240560695528984, -0.07938133180141449, -0.005894795060157776, 0.030674098059535027]], "tau_mean": 64.25127410888672, "tau_std": 10.52665901184082, "xi_mean": 0.0, "xi_std": 0.7237674593925476, "sources_mean": 0.0, "sources_std": 1.0, "noise_std": 0.07997896522283554, "mixing_matrix": [[-0.042945731431245804, -0.041791412979364395, 0.031793512403964996, 0.027127733454108238], [-0.03822688013315201, -0.03134240210056305, 0.010078859515488148, -0.04785281419754028], [-0.018616892397403717, 0.13387155532836914, 0.10938908159732819, 0.013115417212247849], [-0.0019666538573801517, -0.005407936871051788, 0.0361720435321331, -0.03368508443236351], [-0.034347906708717346, -0.005396715831011534, -0.05551057308912277, 0.015551666729152203], [0.04455185309052467, -0.028506986796855927, 0.009349792264401913, 0.02273842692375183], [-0.010551471263170242, -0.02003951370716095, -0.1090228483080864, 0.0031378958374261856], [0.08250266313552856, -0.05009324848651886, -0.028176194056868553, 0.011662552133202553]]}}