{"name": "multivariate", "dimension": 4, "source_dimension": 2, "parameters": {"g": [0.12368394434452057, 2.9373714923858643, 2.1488265991210938, 0.7567591667175293], "betas": [[-0.00013927526015322655, 0.009423303417861462], [0.048127420246601105, -0.0046573206782341], [0.1024826318025589, 0.21347551047801971]], "v0": [-1.0976001024246216, -2.335183620452881, -2.061984062194824, -1.4350969791412354], "tau_mean": 78.30803680419922, "tau_std": 130.5912628173828, "xi_mean": -3.0974104404449463, "xi_std": 5.4738545417785645, "sources_mean": 0.0, "sources_std": 1.0, "noise_std": 0.11537305265665054}}