{"name": "multivariate_parallel", "dimension": 4, "source_dimension": 2, "parameters": {"g": 1.2911741733551025, "tau_mean": 70.62200927734375, "tau_std": 91.59424591064453, "xi_mean": -1.6109240055084229, "xi_std": 0.526725172996521, "sources_mean": 0.0, "sources_std": 1.0, "noise_std": 0.10231833904981613, "deltas": [-3.7008938789367676, -2.5950796604156494, -1.7092900276184082], "betas": [[-0.15283603966236115, -0.000490992097184062], [-0.027760623022913933, -0.011136000044643879], [0.014043187722563744, -0.060129232704639435]]}}