{"name": "multivariate_parallel", "dimension": 4, "source_dimension": 2, "parameters": {"g": 0.9213775992393494, "tau_mean": 69.96871948242188, "tau_std": 81.21031951904297, "xi_mean": -2.7188494205474854, "xi_std": 0.2007053941488266, "sources_mean": 0.0, "sources_std": 1.0, "noise_std": 0.19880668818950653, "deltas": [-2.985548734664917, -2.004488706588745, -1.9063454866409302], "betas": [[0.06936169415712357, 0.058480601757764816], [0.017737822607159615, 0.03111128881573677], [-0.058171797543764114, 0.008467473089694977]]}}