{"parameters": {"p0": [0.3686620593070984], "tau_mean": 0.8906181454658508, "tau_var": 0.8332826977684386, "xi_mean": 0.8891559839248657, "xi_var": 0.002380965569377548, "noise_var": 0.09075619192684398}, "dimension": 1, "type": "univariate"}