{"name": "logistic", "features": ["Y0", "Y1", "Y2", "Y3"], "dimension": 4, "source_dimension": 4, "parameters": {"g": [1.934244155883789, 2.509713649749756, 2.4624478816986084, 2.1719970703125], "v0": [-3.2839584350585938, -3.2778990268707275, -3.2794196605682373, -3.283780574798584], "betas": [[0.00020002853125333786, -0.008735233917832375, -0.0032499481458216906, 0.03870981186628342], [0.019529283046722412, -0.010793570429086685, -0.0029388139955699444, 0.025821756571531296], [-0.009720414876937866, -0.00087777990847826, -0.019349316135048866, 0.017670895904302597]], "tau_mean": 75.42868041992188, "tau_std": 0.9938777685165405, "xi_mean": 0.0, "xi_std": 0.18887172639369965, "sources_mean": 0.0, "sources_std": 1.0, "noise_std": 0.3826315402984619, "mixing_matrix": [[0.005473790690302849, -0.01060712244361639, -0.012717867270112038, 0.042340293526649475], [-0.005152953788638115, 0.001637786510400474, 0.00918723177164793, -0.0026960205286741257], [0.014223120175302029, -0.000511277699843049, 0.009389583952724934, -0.015221919864416122], [-0.014734547585248947, 0.00883861631155014, -0.007699423935264349, -0.02111389860510826]]}}