{"leaspy_version": "1.1.1-dev", "name": "linearb", "features": ["Y1", "Y2"], "dimension": 2, "source_dimension": 1, "loss": "MSE", "parameters": {"g": [0.7896990180015564, 1.2056670188903809], "v0": [0.4953773021697998, -0.0004753711982630193], "betas": [[-1.0557211637496948]], "tau_mean": 70.22284698486328, "tau_std": 4.977292060852051, "xi_mean": 0.0, "xi_std": 0.0958084687590599, "sources_mean": 0.0, "sources_std": 1.0, "noise_std": 1.4090805053710938, "mixing_matrix": [[0.5491529107093811], [-0.9016530513763428]]}, "save_b": [[[[0.09178923070430756, -0.1057981625199318], [-0.12226645648479462, 0.032836657017469406], [-0.011553525924682617, 0.009409897960722446], [0.10364428907632828, -0.13126781582832336], [-0.027737019583582878, 0.005816689692437649], [0.03578678518533707, -0.010995311662554741], [-0.20503629744052887, 0.2372005134820938], [0.30837586522102356, 0.35838231444358826], [-0.027012759819626808, 0.09536903351545334], [0.011173383332788944, 0.30803531408309937], [-0.0410551093518734, -0.05761405825614929]], [[-15.6433687210083, -9.922270774841309], [4.637654781341553, 3.4257004261016846], [50.27353286743164, 32.22042465209961], [14.08260726928711, 7.233040809631348], [19.74659538269043, 11.84121036529541], [28.2139949798584, 19.284526824951172], [20.641109466552734, 14.102256774902344], [0.028079543262720108, 0.7032614946365356], [-26.125436782836914, -12.854893684387207], [-3.6237986087799072, -1.1397120952606201], [-9.118795394897461, -7.285449981689453]]]], "init_b": "identity", "kernelsettings": {"sigma": 1.0, "kernel_name": "gaussian"}}