{"name": "logistic", "features": ["Y0", "Y1", "Y2", "Y3"], "dimension": 4, "source_dimension": 4, "parameters": {"g": [1.9259300231933594, 2.4960105419158936, 2.472604274749756, 2.1713078022003174], "v0": [-3.2445623874664307, -3.258732557296753, -3.252230644226074, -3.253861427307129], "betas": [[-0.008955234661698341, -0.010881051421165466, 0.002091888338327408, 0.010055466555058956], [0.007295745424926281, -0.0008874711347743869, 0.012006980367004871, 0.030393563210964203], [-0.006812858860939741, -0.007765067741274834, 0.007272981107234955, 0.007996484637260437]], "tau_mean": 76.14083099365234, "tau_std": 0.9807721972465515, "xi_mean": 0.0, "xi_std": 0.1982569843530655, "sources_mean": 0.0, "sources_std": 1.0, "noise_std": 0.37356632947921753, "mixing_matrix": [[-0.004197411704808474, -0.00991534348577261, 0.010897582396864891, 0.024933161213994026], [-0.004859556443989277, -0.0012060276931151748, -0.00854156818240881, -0.014273385517299175], [0.011403312906622887, 0.008815640583634377, 0.001342654344625771, 0.0059940810315310955], [-0.0029274672269821167, 0.0014132068026810884, -0.0028145164251327515, -0.01508324034512043]]}}