{"name": "logistic_parallel", "dimension": 4, "source_dimension": 2, "parameters": {"g": 0.6599358916282654, "tau_mean": 72.29325103759766, "tau_std": 7.64134407043457, "xi_mean": -1.6881937980651855, "xi_std": 0.8729047179222107, "sources_mean": 0.0, "sources_std": 1.0, "noise_std": 0.09937361627817154, "deltas": [-2.7131996154785156, -2.5399985313415527, -1.1859664916992188], "betas": [[0.06979991495609283, 0.05648110434412956], [0.05698179081082344, 0.04842004552483559], [-0.04032329097390175, -0.033318132162094116]], "mixing_matrix": [[0.0795825868844986, 0.06571710109710693], [0.0038242950104177, 0.002000256907194853], [0.000800655223429203, 0.002027214504778385], [-0.05827748030424118, -0.048144206404685974]]}}