{"name": "logistic", "features": ["Y0", "Y1", "Y2", "Y3"], "dimension": 4, "source_dimension": 4, "parameters": {"g": [1.9591171741485596, 2.524810552597046, 2.472621202468872, 2.153021812438965], "v0": [-3.3392586708068848, -3.3489809036254883, -3.3395254611968994, -3.363269567489624], "betas": [[-0.01259059738367796, -0.004729564767330885, -0.020014353096485138, 0.016033435240387917], [-0.016544193029403687, 0.012915000319480896, -0.01590830460190773, 0.01697169430553913], [0.006674651522189379, -0.004054563120007515, 0.00019963248632848263, 0.02410922572016716]], "tau_mean": 75.44062805175781, "tau_std": 1.0070551633834839, "xi_mean": 0.0, "xi_std": 0.14717376232147217, "sources_mean": 0.0, "sources_std": 1.0, "noise_std": 0.3776187300682068, "mixing_matrix": [[-0.011998562142252922, 0.0023280023597180843, -0.01865784078836441, 0.028844110667705536], [-0.0007334524998441339, -0.007030129432678223, -0.0015764165436848998, -0.012470712885260582], [-0.004668924026191235, 0.010610919445753098, 0.002557816682383418, -0.011576025746762753], [0.017620503902435303, -0.0061783152632415295, 0.017220504581928253, -0.002204208867624402]]}}