{"name": "logistic", "features": ["Y0", "Y1", "Y2", "Y3"], "dimension": 4, "source_dimension": 4, "parameters": {"g": [1.9291841983795166, 2.5069921016693115, 2.4624269008636475, 2.1592748165130615], "v0": [-3.2638494968414307, -3.270369529724121, -3.2537829875946045, -3.254661798477173], "betas": [[0.021550776436924934, -2.6829540729522705e-05, -0.0035661726724356413, 0.0069046118296682835], [-0.0034948443062603474, 0.01601320318877697, -0.014984238892793655, 0.0034650906454771757], [-0.005982508417218924, 0.002985523082315922, -0.009335055947303772, -0.004312664270401001]], "tau_mean": 76.16281127929688, "tau_std": 0.9842509627342224, "xi_mean": 0.0, "xi_std": 0.1689145714044571, "sources_mean": 0.0, "sources_std": 1.0, "noise_std": 0.36571231484413147, "mixing_matrix": [[0.006366667337715626, 0.009825059212744236, -0.014282849617302418, 0.003250944195315242], [0.015403213910758495, -0.009513763710856438, 0.010225141420960426, 0.003765546716749668], [-0.00970250554382801, 0.006433521397411823, -0.0010580987436696887, 0.00029533784254454076], [-0.011853616684675217, -0.006074788514524698, 0.003836069256067276, -0.007310566492378712]]}}