{"leaspy_version": "1.1.1-dev", "name": "linearb", "features": ["Y1", "Y2"], "dimension": 2, "source_dimension": 1, "loss": "MSE_diag_noise", "parameters": {"g": [-0.1267806738615036, 0.7546854615211487], "v0": [0.4199999272823334, -0.12978731095790863], "betas": [[0.6817842125892639]], "tau_mean": 69.63431549072266, "tau_std": 4.773075580596924, "xi_mean": 0.0, "xi_std": 0.0006374641670845449, "sources_mean": 0.0, "sources_std": 1.0, "noise_std": [0.13915207982063293, 0.10730889439582825], "mixing_matrix": [[-0.34076908230781555], [0.5905134081840515]]}, "save_b": [[[[0.009566644206643105, 0.017588317394256592], [0.003739958396181464, 0.015108566731214523], [-0.006552694831043482, -0.00499324593693018], [0.0022121951915323734, 0.002496813889592886], [0.009057550691068172, -0.0145637895911932], [-0.01695440523326397, -0.010383279994130135], [0.006128814537078142, 0.009443866088986397], [0.00855766050517559, -0.02025308832526207], [-0.006661006715148687, -0.004932783078402281], [0.004221188370138407, -0.0010546533158048987], [-0.04018402472138405, 0.003932666499167681], [0.026075873523950577, 0.01358974538743496], [-0.0008140202844515443, -0.01816665381193161], [-0.006038803141564131, 0.003642905270680785], [0.031429704278707504, 0.008048172108829021], [-0.00932888500392437, -0.0047374991700053215], [0.016061700880527496, 0.009343115612864494], [0.0049058073200285435, -0.0074576446786522865], [-0.020840095356106758, -0.007107224781066179], [0.02961508370935917, 0.013218767940998077], [-0.0460263267159462, -0.028086066246032715], [0.0008718488388694823, 0.007018211763352156], [0.00033729657297953963, 0.014885500073432922], [-0.03892755135893822, 0.003858976298943162], [0.051434241235256195, 0.00922278594225645], [-0.06309589743614197, -0.008752834983170033], [0.07011504471302032, 0.030244721099734306], [0.03868105635046959, -0.007209304720163345], [-0.0005903845303691924, -0.0028868627268821], [0.0035053116735070944, -0.002992048393934965], [-0.018054822459816933, 0.008712323382496834], [0.015960872173309326, -0.0008183089666999876], [-0.016855811700224876, 0.0014360209461301565], [-0.11687668412923813, -0.04249175265431404]], [[-0.10000000149011612, -0.10000000149011612], [0.14000001549720764, -0.10000000149011612], [0.3800000250339508, -0.10000000149011612], [0.6200000047683716, -0.10000000149011612], [-0.10000000149011612, 0.14000001549720764], [0.14000001549720764, 0.14000001549720764], [0.3800000250339508, 0.14000001549720764], [0.6200000047683716, 0.14000001549720764], [0.8600000143051147, 0.14000001549720764], [1.100000023841858, 0.14000001549720764], [-0.10000000149011612, 0.3800000250339508], [0.14000001549720764, 0.3800000250339508], [0.3800000250339508, 0.3800000250339508], [0.6200000047683716, 0.3800000250339508], [0.8600000143051147, 0.3800000250339508], [1.100000023841858, 0.3800000250339508], [-0.10000000149011612, 0.6200000047683716], [0.14000001549720764, 0.6200000047683716], [0.3800000250339508, 0.6200000047683716], [0.6200000047683716, 0.6200000047683716], [0.8600000143051147, 0.6200000047683716], [1.100000023841858, 0.6200000047683716], [-0.10000000149011612, 0.8600000143051147], [0.14000001549720764, 0.8600000143051147], [0.3800000250339508, 0.8600000143051147], [0.6200000047683716, 0.8600000143051147], [0.8600000143051147, 0.8600000143051147], [1.100000023841858, 0.8600000143051147], [-0.10000000149011612, 1.100000023841858], [0.14000001549720764, 1.100000023841858], [0.3800000250339508, 1.100000023841858], [0.6200000047683716, 1.100000023841858], [0.8600000143051147, 1.100000023841858], [1.100000023841858, 1.100000023841858]]], [[[0.010824564844369888, 0.01650143414735794], [0.0026150429621338844, 0.012062898837029934], [-0.00831979513168335, -0.0035962085239589214], [0.0030124937184154987, 0.004144551698118448], [0.010852687060832977, -0.007961494848132133], [-0.013070791028439999, -0.02523735724389553], [0.01831541582942009, 0.022697530686855316], [0.006443067919462919, -0.019763784483075142], [-0.005195773206651211, -0.007164437789469957], [0.0019111486617475748, -0.0009803505381569266], [-0.032751403748989105, 0.013164598494768143], [0.019717128947377205, 0.006338051520287991], [-0.0070238737389445305, -0.02223786525428295], [-0.0010493106674402952, -0.0025587875861674547], [0.0370519757270813, 0.010887174867093563], [-0.005230579990893602, -0.005708235781639814], [0.022502351552248, 0.012182969599962234], [-0.005573704373091459, -0.008491275832057], [-0.013671524822711945, 0.0005781771033070982], [0.028391340747475624, 0.017580371350049973], [-0.04667873680591583, -0.036219723522663116], [-0.019306423142552376, 0.00016873290587682277], [0.001937227789312601, 0.017036039382219315], [-0.031239593401551247, 0.005071363877505064], [0.03886796534061432, 0.010820118710398674], [-0.053077396005392075, -0.0172644704580307], [0.0838601291179657, 0.04633749648928642], [0.04257550463080406, -0.0026571773923933506], [-0.0020404879469424486, -0.004351656883955002], [0.006277375388890505, -0.006720100063830614], [-0.03273496404290199, 0.0053033968433737755], [0.0340687558054924, 0.00424638856202364], [-0.07886124402284622, -0.021039696410298347], [-0.07514218986034393, -0.02785332500934601]], [[-0.10000000149011612, -0.10000000149011612], [0.14000001549720764, -0.10000000149011612], [0.3800000250339508, -0.10000000149011612], [0.6200000047683716, -0.10000000149011612], [-0.10000000149011612, 0.14000001549720764], [0.14000001549720764, 0.14000001549720764], [0.3800000250339508, 0.14000001549720764], [0.6200000047683716, 0.14000001549720764], [0.8600000143051147, 0.14000001549720764], [1.100000023841858, 0.14000001549720764], [-0.10000000149011612, 0.3800000250339508], [0.14000001549720764, 0.3800000250339508], [0.3800000250339508, 0.3800000250339508], [0.6200000047683716, 0.3800000250339508], [0.8600000143051147, 0.3800000250339508], [1.100000023841858, 0.3800000250339508], [-0.10000000149011612, 0.6200000047683716], [0.14000001549720764, 0.6200000047683716], [0.3800000250339508, 0.6200000047683716], [0.6200000047683716, 0.6200000047683716], [0.8600000143051147, 0.6200000047683716], [1.100000023841858, 0.6200000047683716], [-0.10000000149011612, 0.8600000143051147], [0.14000001549720764, 0.8600000143051147], [0.3800000250339508, 0.8600000143051147], [0.6200000047683716, 0.8600000143051147], [0.8600000143051147, 0.8600000143051147], [1.100000023841858, 0.8600000143051147], [-0.10000000149011612, 1.100000023841858], [0.14000001549720764, 1.100000023841858], [0.3800000250339508, 1.100000023841858], [0.6200000047683716, 1.100000023841858], [0.8600000143051147, 1.100000023841858], [1.100000023841858, 1.100000023841858]]], [[[0.005480689462274313, 0.01247019600123167], [-0.003804298583418131, 0.010999273508787155], [-0.008899502456188202, -0.003887675004079938], [0.00470753014087677, 0.004682647529989481], [0.010797642171382904, -0.0027324408292770386], [-0.010492265224456787, -0.027222994714975357], [0.026866935193538666, 0.028301680460572243], [0.0056178998202085495, -0.02490229718387127], [-0.007492988836020231, -0.009231401607394218], [-0.001675711479038, -0.0024839432444423437], [-0.02901468425989151, 0.015122754499316216], [0.01634487882256508, 0.004866565577685833], [-0.010329834185540676, -0.020458592101931572], [-0.0016480745980516076, -0.002329387003555894], [0.04719897732138634, 0.01927480474114418], [0.00330763659439981, -0.006646851077675819], [0.025899287313222885, 0.012304162606596947], [-0.013532853685319424, -0.009076275862753391], [-0.006058753468096256, 0.003639843547716737], [0.02769404835999012, 0.01825721561908722], [-0.04483101889491081, -0.045181166380643845], [-0.04779385030269623, -0.004885385744273663], [0.005315198563039303, 0.020916054025292397], [-0.027709612622857094, 0.005229535512626171], [0.0284202191978693, 0.009727228432893753], [-0.04839565232396126, -0.021379416808485985], [0.08737435191869736, 0.05723628029227257], [0.04823504388332367, 0.0003006603801622987], [-0.0031257120426744223, 