{"leaspy_version": "1.1.1-dev", "name": "linearb", "features": ["Y1", "Y2"], "dimension": 2, "source_dimension": 1, "loss": "MSE_diag_noise", "parameters": {"g": [0.3848246932029724, 0.4013127386569977], "v0": [-3.1017582416534424, -4.202476501464844], "betas": [[-0.004111304879188538]], "tau_mean": 69.5031967163086, "tau_std": 5.075883388519287, "xi_mean": 0.0, "xi_std": 0.39183273911476135, "sources_mean": 0.0, "sources_std": 1.0, "noise_std": [0.09360019117593765, 0.07487686723470688], "mixing_matrix": [[0.0012976463185623288], [-0.003901146352291107]]}, "save_b": [[[[0.05477748066186905, 0.028479397296905518], [0.030536508187651634, -0.03193056210875511], [0.0053535643965005875, -0.03183985874056816], [0.002760264789685607, 0.009780097752809525], [-0.00037442351458594203, 2.8313419534242712e-05], [0.022185049951076508, 0.00428834930062294], [0.010965695604681969, -0.04840781167149544], [-0.025969456881284714, 0.052823375910520554], [0.02902744896709919, -0.05366488918662071], [-0.015889078378677368, 0.0028250031173229218], [0.011058425530791283, -0.006106764078140259], [-0.0185976754873991, 0.0161389522254467], [0.0037554576992988586, 0.029677405953407288], [-0.06000469624996185, 0.014582298696041107], [0.05675496160984039, -0.009147169068455696], [-0.014691133983433247, 0.003048120066523552], [0.007529737893491983, -0.002239723689854145], [0.0014518751995638013, -0.005194403696805239], [-0.011834490112960339, 0.03220124915242195], [0.0033421600237488747, -0.004649399314075708]], [[-0.10000000149011612, 0.14000001549720764], [0.14000001549720764, 0.14000001549720764], [0.3800000250339508, 0.14000001549720764], [0.6200000047683716, 0.14000001549720764], [0.8600000143051147, 0.14000001549720764], [-0.10000000149011612, 0.3800000250339508], [0.14000001549720764, 0.3800000250339508], [0.3800000250339508, 0.3800000250339508], [0.6200000047683716, 0.3800000250339508], [0.8600000143051147, 0.3800000250339508], [1.100000023841858, 0.3800000250339508], [0.14000001549720764, 0.6200000047683716], [0.3800000250339508, 0.6200000047683716], [0.6200000047683716, 0.6200000047683716], [0.8600000143051147, 0.6200000047683716], [1.100000023841858, 0.6200000047683716], [0.6200000047683716, 0.8600000143051147], [0.8600000143051147, 0.8600000143051147], [1.100000023841858, 0.8600000143051147], [1.100000023841858, 1.100000023841858]]], [[[0.05234724283218384, 0.02728818729519844], [0.04537960886955261, -0.02703656256198883], [0.002728651510551572, -0.03433157131075859], [0.006221763789653778, 0.00885777734220028], [-0.0023666038177907467, -0.0011366293765604496], [0.02802828699350357, -0.0046989466063678265], [-0.03583268076181412, 0.01337626576423645], [0.005518713034689426, 0.014950193464756012], [0.015661701560020447, -0.05617564916610718], [-0.01009016390889883, 0.010900703258812428], [0.013685048557817936, -0.011895501054823399], [-0.015561853535473347, 0.012183530256152153], [0.008347931317985058, 0.030864549800753593], [-0.07428990304470062, 0.028969313949346542], [0.05243305116891861, 0.003322040196508169], [-0.01656915433704853, 0.009119906462728977], [0.01074942946434021, -0.004931373987346888], [-0.0014908821322023869, -0.009271684102714062], [-0.011514334008097649, 0.039851680397987366], [0.0039855414070189, -0.0064270468428730965]], [[-0.10000000149011612, 0.14000001549720764], [0.14000001549720764, 0.14000001549720764], [0.3800000250339508, 0.14000001549720764], [0.6200000047683716, 0.14000001549720764], [0.8600000143051147, 0.14000001549720764], [-0.10000000149011612, 0.3800000250339508], [0.14000001549720764, 0.3800000250339508], [0.3800000250339508, 0.3800000250339508], [0.6200000047683716, 0.3800000250339508], [0.8600000143051147, 0.3800000250339508], [1.100000023841858, 0.3800000250339508], [0.14000001549720764, 0.6200000047683716], [0.3800000250339508, 0.6200000047683716], [0.6200000047683716, 0.6200000047683716], [0.8600000143051147, 0.6200000047683716], [1.100000023841858, 0.6200000047683716], [0.6200000047683716, 0.8600000143051147], [0.8600000143051147, 0.8600000143051147], [1.100000023841858, 0.8600000143051147], [1.100000023841858, 1.100000023841858]]], [[[0.04262993484735489, 0.017376050353050232], [0.04307318106293678, -0.018262479454278946], [-0.002078071003779769, -0.03034568578004837], [0.00905607920140028, 0.006288870703428984], [-0.0033280602656304836, -0.00100621092133224], [0.035473328083753586, -0.007627249229699373], [-0.05037461593747139, 0.03697780892252922], [0.027991976588964462, -0.017510412260890007], [-0.003786640241742134, -0.043409425765275955], [-0.0034834116231650114, 0.010356578044593334], [0.011458313092589378, -0.011744105257093906], [-0.014005906879901886, 0.009535446763038635], [0.011755185201764107, 0.035366207361221313], [-0.07177458703517914, 0.03324086591601372], [0.04950569570064545, 0.0016417751321569085], [-0.012962326407432556, 0.00927666760981083], [0.010380590334534645, -0.006721673533320427], [-0.0014705475186929107, -0.008830820210278034], [-0.010670681484043598, 0.041115712374448776], [0.003681556787341833, -0.00679308595135808]], [[-0.10000000149011612, 0.14000001549720764], [0.14000001549720764, 0.14000001549720764], [0.3800000250339508, 0.14000001549720764], [0.6200000047683716, 0.14000001549720764], [0.8600000143051147, 0.14000001549720764], [-0.10000000149011612, 0.3800000250339508], [0.14000001549720764, 0.3800000250339508], [0.3800000250339508, 0.3800000250339508], [0.6200000047683716, 0.3800000250339508], [0.8600000143051147, 0.3800000250339508], [1.100000023841858, 0.3800000250339508], [0.14000001549720764, 0.6200000047683716], [0.3800000250339508, 0.6200000047683716], [0.6200000047683716, 0.6200000047683716], [0.8600000143051147, 0.6200000047683716], [1.100000023841858, 0.6200000047683716], [0.6200000047683716, 0.8600000143051147], [0.8600000143051147, 0.8600000143051147], [1.100000023841858, 0.8600000143051147], [1.100000023841858, 1.100000023841858]]], [[[0.040966346859931946, 0.011752227321267128], [0.042050521820783615, -0.009816735982894897], [-0.011328370310366154, -0.03138839453458786], [0.012387272901833057, 0.00531816715374589], [-0.00425837654620409, -0.0007223368738777936], [0.041618168354034424, -0.01132043544203043], [-0.06168355420231819, 0.05900668352842331], [0.036908578127622604, -0.03925634175539017], [-0.012885116040706635, -0.0382998064160347], [-0.0003678052162285894, 0.008452468551695347], [0.008280152454972267, -0.009158915840089321], [-0.011440608650445938, 0.005959737114608288], [0.018657520413398743, 0.04208739101886749], [-0.06998847424983978, 0.03961290419101715], [0.050497379153966904, -0.007185670547187328], [-0.005654885899275541, 0.00010877804743358865], [0.008474579080939293, -0.009022981859743595], [0.0008094680961221457, -0.0068643768317997456], [-0.012624029070138931, 0.04331015422940254], [0.00350474682636559, -0.006199527066200972]], [[-0.10000000149011612, 0.14000001549720764], [0.14000001549720764, 0.14000001549720764], [0.3800000250339508, 0.14000001549720764], [0.6200000047683716, 0.14000001549720764], [0.8600000143051147, 0.14000001549720764], [-0.10000000149011612, 0.3800000250339508], [0.14000001549720764, 0.3800000250339508], [0.3800000250339508, 0.3800000250339508], [0.6200000047683716, 0.3800000250339508], [0.8600000143051147, 0.3800000250339508], [1.100000023841858, 0.3800000250339508], [0.14000001549720764, 0.6200000047683716], [0.3800000250339508, 0.6200000047683716], [0.6200000047683716, 0.6200000047683716], [0.8600000143051147, 0.6200000047683716], [1.100000023841858, 0.6200000047683716], [0.6200000047683716, 0.8600000143051147], [0.8600000143051147, 0.8600000143051147], [1.100000023841858, 0.8600000143051147], [1.100000023841858, 1.100000023841858]]], [[[0.040353234857320786, 0.006792671047151089], [0.04342513903975487, -0.011672296561300755], [-0.028519930317997932, -0.030780166387557983], [0.015860997140407562, 0.0035406481474637985], [-0.004822087939828634, -0.0008905983995646238], [0.0482693687081337, -0.012742572464048862], 