{"leaspy_version": "1.1.1-dev", "name": "linearb", "features": ["HVLT_TOTAL", "SCOPA_TOTAL", "MOCA_TOTAL", "BENTON_JLO", "SCHWAB_AND_ENGLAND"], "dimension": 5, "source_dimension": 2, "loss": "MSE_diag_noise", "parameters": {"g": [-1.1045773029327393, -1.6010773181915283, -2.1990649700164795, -1.72025465965271, -2.3184986114501953], "v0": [-3.068056583404541, -3.0196402072906494, -2.779414176940918, -3.075789213180542, -3.149603843688965], "betas": [[0.4196544885635376, -0.13637149333953857], [-0.1265537142753601, 0.048890870064496994], [-0.21387168765068054, -0.32940518856048584], [0.2577598989009857, -0.039936549961566925]], "tau_mean": 64.05775451660156, "tau_std": 9.338603973388672, "xi_mean": 0.0, "xi_std": 0.10527562350034714, "sources_mean": 0.0, "sources_std": 1.0, "noise_std": [0.08368400484323502, 0.04950304701924324, 0.061133772134780884, 0.09387800097465515, 0.0836532860994339], "mixing_matrix": [[-0.12418162822723389, 0.18467462062835693], [0.38121724128723145, -0.07921017706394196], [-0.1754280924797058, 0.12157358229160309], [-0.2502101957798004, -0.2753649950027466], [0.22400708496570587, 0.010258365422487259]]}, "save_b": [[[[-4.8592209815979, 0.2917841672897339, 2.664560556411743, 0.6247992515563965, 4.658347129821777], [-0.17690691351890564, -0.09187309443950653, -0.27913591265678406, 0.1381669044494629, -0.3553980886936188], [-3.129344940185547, 0.3300285339355469, 1.8837968111038208, 2.293752908706665, 1.3093287944793701], [-5.135426998138428, 0.7644253373146057, 1.813690423965454, 3.355397939682007, 3.624845266342163], [5.560183048248291, -0.6177629828453064, -2.4298839569091797, -3.0458600521087646, -3.678206443786621], [4.710898399353027, -0.37474676966667175, -2.6527254581451416, -2.7096128463745117, -3.555974245071411], [-1.8969484567642212, -0.30455127358436584, 1.8637768030166626, 2.061682939529419, 0.4345713257789612], [-2.023679733276367, 0.3582638204097748, 0.003185129025951028, 0.16591860353946686, 2.37449312210083], [-1.3534711599349976, 0.5968141555786133, 0.9977807402610779, 0.5495441555976868, 2.578418254852295], [-5.446956157684326, 0.719309389591217, 2.2438323497772217, -0.05565570667386055, 6.018367767333984], [13.612115859985352, -1.6713893413543701, -6.055269718170166, -3.3656928539276123, -13.281499862670898]], [[0.487419068813324, 0.15351459383964539, 0.3145934045314789, 0.419681578874588, 0.1180240586400032], [0.5711446404457092, 0.27962011098861694, 0.31846457719802856, 0.15658287703990936, 0.16287298500537872], [0.22030217945575714, 0.3628874123096466, 0.1022973358631134, 0.2527684271335602, 0.16779272258281708], [0.4005819261074066, 0.13282127678394318, 0.2557111084461212, 0.488243043422699, 0.104306660592556], [0.38789457082748413, 0.25160735845565796, 0.25666090846061707, 0.5402204990386963, 0.1647743284702301], [0.13391448557376862, 0.2144092172384262, 0.04072175920009613, 0.06741790473461151, 0.08326005190610886], [0.17108821868896484, 0.06498661637306213, 0.057634737342596054, 0.09440489113330841, 0.039880648255348206], [0.12552513182163239, 0.19075064361095428, 0.05184456333518028, 0.22012758255004883, 0.0890565738081932], [0.40444856882095337, 0.21390648186206818, 0.18320457637310028, 0.12996475398540497, 0.11674686521291733], [0.33434784412384033, 0.0911073088645935, 0.12543047964572906, 0.07922761142253876, 0.0572429858148098], [0.39477604627609253, 0.1092505231499672, 0.20266790688037872, 0.23459367454051971, 0.07936275750398636]]], [[[-0.12464743107557297, -0.41176557540893555, -1.5774589776992798, 2.963850259780884, -4.431704998016357], [-2.4073009490966797, 0.05728182941675186, 0.15054523944854736, 0.9212583303451538, 0.7785150408744812], [-0.7556033730506897, 0.6647102236747742, 0.18685847520828247, -0.8544950485229492, 3.61602520942688], [-0.6431041359901428, -0.03708689287304878, -1.2721689939498901, 2.3219053745269775, -3.3908612728118896], [3.5852606296539307, -0.21407894790172577, -0.3565715551376343, -2.2835986614227295, -1.3482400178909302], [1.9681228399276733, -0.1394178867340088, 1.5719857215881348, -1.7941961288452148, 1.0959738492965698], [0.3707382380962372, -0.14384129643440247, -0.10053075104951859, 0.3790959119796753, -1.1385396718978882], [-0.2567712068557739, 0.29420942068099976, 0.9547271728515625, -2.6615941524505615, 3.484376907348633], [-0.015348168089985847, 0.04295016825199127, 0.25878652930259705, -0.9104518294334412, 1.3873599767684937], [-2.415748357772827, -0.26138705015182495, -1.005073070526123, 4.481207847595215, -3.0926709175109863], [0.6952750086784363, 0.1220272108912468, 1.182190179824829, -2.5283026695251465, 2.9384679794311523]], [[0.47819191217422485, 0.14626552164554596, 0.29623231291770935, 0.40148645639419556, 0.10897040367126465], [0.5217543840408325, 0.18482227623462677, 0.2619919180870056, 0.12993966042995453, 0.11326476186513901], [0.39273539185523987, 0.3038528263568878, 0.20369626581668854, 0.25127825140953064, 0.1595253348350525], [0.2200818657875061, 0.28805863857269287, 0.0849643126130104, 0.13170339167118073, 0.12741884589195251], [0.32698342204093933, 0.13570556044578552, 0.11642568558454514, 0.04813027381896973, 0.07389067113399506], [0.29831981658935547, 0.13515086472034454, 0.12847240269184113, 0.16869474947452545, 0.077242910861969], [0.49559715390205383, 0.6903949975967407, 0.29912683367729187, 0.22956423461437225, 0.3753811717033386], [0.1460181623697281, 0.18723732233047485, 0.04731425642967224, 0.07634290307760239, 0.08222102373838425], [0.09509839117527008, 0.04965035244822502, 0.02993885986506939, 0.050863124430179596, 0.031797152012586594], [0.1539842188358307, 0.10116618126630783, 0.055636871606111526, 0.11358391493558884, 0.054609302431344986], [0.501549243927002, 0.2478291243314743, 0.33205923438072205, 0.45162245631217957, 0.1651996672153473]]], [[[0.6004924178123474, -0.2602623403072357, -0.1680322289466858, 0.25087571144104004, -0.7286365032196045], [-8.113075256347656, 1.3416895866394043, 5.107963562011719, -0.0649232417345047, 1.3668729066848755], [4.04741096496582, -0.3250353932380676, -3.5525732040405273, -0.517815351486206, 1.4706615209579468], [-1.1410807371139526, -0.24125131964683533, 1.2499423027038574, 0.7733678221702576, -2.5037903785705566], [-0.5233336687088013, -0.08630537986755371, 0.11690836399793625, -0.3881257176399231, 0.10479716211557388], [-1.4216114282608032, 0.1631505787372589, 0.8872942328453064, -0.006166505161672831, 0.9225723743438721], [0.2655481994152069, 0.2521199584007263, 1.144316554069519, -1.812958836555481, 0.6208645105361938], [4.089301109313965, -0.1588895618915558, -2.6995837688446045, 0.5437822937965393, 0.006117980927228928], [2.436863899230957, -0.32644185423851013, -1.0623598098754883, -0.35838672518730164, -1.0237860679626465], [-1.3150229454040527, 0.3038562536239624, 0.2422967553138733, -0.7601318359375, 1.5553747415542603], [1.0656012296676636, -0.6778289079666138, -1.2564923763275146, 2.342940330505371, -1.7862197160720825]], [[0.4067545235157013, 0.14578157663345337, 0.21739812195301056, 0.2859498858451843, 0.09089647233486176], [0.3249647617340088, 0.2312631756067276, 0.14473426342010498, 0.18504294753074646, 0.11572741717100143], [0.3079417943954468, 0.29360130429267883, 0.11589344590902328, 0.08189430832862854, 0.13847137987613678], [0.346125990152359, 0.48412543535232544, 0.15508463978767395, 0.17922763526439667, 0.20996277034282684], [0.5176717638969421, 0.18477927148342133, 0.25171947479248047, 0.06420955061912537, 0.12636156380176544], [0.5786415934562683, 0.2916218638420105, 0.4241917133331299, 0.46251967549324036, 0.2027779221534729], [0.2360805720090866, 0.19230501353740692, 0.08221321552991867, 0.08113718777894974, 0.09500057250261307], [0.4044639468193054, 0.37651124596595764, 0.2136744260787964, 0.26690417528152466, 0.1835877150297165], [0.4345032274723053, 0.14456136524677277, 0.2627704441547394, 0.4073939323425293, 0.09615810215473175], [0.20722199976444244, 0.3427795171737671, 0.10202529281377792, 0.40993034839630127, 0.13505692780017853], 