{"leaspy_version": "1.1.1-dev", "name": "linearb", "features": ["Y1", "Y2"], "dimension": 2, "source_dimension": 1, "loss": "MSE_diag_noise", "parameters": {"g": [1.0751861333847046, 1.408331274986267], "v0": [0.3753654360771179, -0.1351877897977829], "betas": [[-0.6275474429130554]], "tau_mean": 70.78588104248047, "tau_std": 4.791820526123047, "xi_mean": 0.0, "xi_std": 0.0009985753567889333, "sources_mean": 0.0, "sources_std": 1.0, "noise_std": [0.1266905665397644, 0.11080609261989594], "mixing_matrix": [[0.32293516397476196], [-0.5380786657333374]]}, "save_b": [[[[-0.08738727122545242, -0.40920746326446533], [-0.01837019808590412, 0.2314261943101883], [0.0834994912147522, -0.11177977919578552], [-0.06048569455742836, -0.01958288811147213], [0.027446184307336807, 0.15349018573760986], [0.03212150186300278, 0.16498364508152008]], [[0.012419070117175579, 0.4374582767486572], [0.0062878248281776905, 0.63265061378479], [0.6217750906944275, 0.37812235951423645], [0.9988052845001221, 0.9897603392601013], [0.32884013652801514, 0.6788510680198669], [0.04382731020450592, 0.09476102888584137]]], [[[0.07144077867269516, 0.22124424576759338], [0.16018669307231903, 0.17070923745632172], [-0.12963508069515228, -0.10536620765924454], [0.008514896035194397, -0.09905203431844711], [-0.06493008881807327, -0.2642359137535095], [-0.06894584000110626, 0.07056114077568054]], [[-0.0012280698865652084, 0.14737607538700104], [0.7472080588340759, 0.7474455833435059], [0.9598862528800964, 0.9302830100059509], [0.7563876509666443, 0.2439199984073639], [0.06210118159651756, 0.30668240785598755], [0.04574009031057358, 0.8030798435211182]]], [[[-0.3482903242111206, -0.3552069664001465], [0.4694571793079376, 0.06950803846120834], [0.07753723859786987, 0.09748320281505585], [-0.2655177712440491, 0.06747705489397049], [-0.15282784402370453, -0.05704214423894882], [0.24118810892105103, 0.2097175121307373]], [[0.2383393943309784, 0.3889714479446411], [0.728961169719696, 0.6436625719070435], [0.013140475377440453, 0.008682101033627987], [0.5077926516532898, 0.7733724117279053], [0.9603770971298218, 0.9781292676925659], [0.055685169994831085, 0.5565391778945923]]], [[[-0.4518812894821167, -0.5094148516654968], [0.06967239081859589, -0.15074990689754486], [0.09396818280220032, 0.11107788980007172], [-0.31836482882499695, -0.2041557878255844], [0.03987647220492363, 0.08353392034769058], [0.558474063873291, 0.6774933338165283]], [[0.2632961571216583, 0.44709548354148865], [0.7286317348480225, 0.6072242259979248], [0.015207916498184204, 0.034963466227054596], [0.5056160688400269, 0.9531898498535156], [0.9273679256439209, 0.924363911151886], [0.3639744818210602, 0.6462246775627136]]], [[[1.0469114780426025, 0.34782296419143677], [0.03465541824698448, 0.01397233922034502], [-0.06243252754211426, 0.0035029908176511526], [-1.155260443687439, -0.19658112525939941], [0.3447263836860657, -0.001290915417484939], [-0.251541405916214, -0.219624862074852]], [[0.8248224258422852, 0.643642246723175], [0.006437462754547596, 0.20825158059597015], [-0.010510766878724098, 0.6417902708053589], [0.8622501492500305, 0.7889375686645508], [0.9992239475250244, 0.8548011779785156], [0.8589885830879211, 0.25903576612472534]]]], "init_b": "logistic", "kernelsettings": {"sigma": 0.5806630849838257, "kernel_name": "gaussian"}, "saveparam": [{"g": [1.0952610969543457, 1.5507755279541016], "v0": [0.47607284784317017, -0.04612745717167854], "betas": [[-1.0093125104904175]], "tau_mean": 70.95904541015625, "tau_std": 5.047770023345947, "xi_mean": 0.0, "xi_std": 0.09277600795030594, "sources_mean": 0.0, "sources_std": 1.0, "noise_std": [0.0997261255979538, 0.10166727006435394]}, {"g": [1.1114686727523804, 1.5523103475570679], "v0": [0.46479490399360657, -0.07572493702173233], "betas": [[-0.9679458737373352]], "tau_mean": 70.798095703125, "tau_std": 4.797082424163818, "xi_mean": 0.0, "xi_std": 0.04647647589445114, "sources_mean": 0.0, "sources_std": 1.0, "noise_std": [0.1259404569864273, 0.11027734726667404]}, {"g": [1.1043273210525513, 1.5102992057800293], "v0": [0.42514246702194214, -0.09197026491165161], "betas": [[-0.8158122301101685]], "tau_mean": 70.79480743408203, "tau_std": 4.770256996154785, "xi_mean": 0.0, "xi_std": 0.020473407581448555, "sources_mean": 0.0, "sources_std": 1.0, "noise_std": [0.12776979804039001, 0.11138633638620377]}, {"g": [1.1082457304000854, 1.456720232963562], "v0": [0.38102832436561584, -0.11741825193166733], "betas": [[-0.7712500095367432]], "tau_mean": 70.79674530029297, "tau_std": 4.789113521575928, "xi_mean": 0.0, "xi_std": 0.007058406714349985, "sources_mean": 0.0, "sources_std": 1.0, "noise_std": [0.12728358805179596, 0.11041760444641113]}, {"g": [1.0751861333847046, 1.408331274986267], "v0": [0.3753654360771179, -0.1351877897977829], "betas": [[-0.6275474429130554]], "tau_mean": 70.78588104248047, "tau_std": 4.791820526123047, "xi_mean": 0.0, "xi_std": 0.0009985753567889333, "sources_mean": 0.0, "sources_std": 1.0, "noise_std": [0.1266905665397644, 0.11080609261989594]}]}