{"leaspy_version": "1.1.1-dev", "name": "linearb", "features": ["Y1", "Y2"], "dimension": 2, "source_dimension": 1, "loss": "MSE_diag_noise", "parameters": {"g": [0.005178098566830158, 0.9518440961837769], "v0": [0.25329917669296265, -0.10799746960401535], "betas": [[-0.5776626467704773]], "tau_mean": 69.74414825439453, "tau_std": 4.593651294708252, "xi_mean": 0.0, "xi_std": 9.564815438747103e-20, "sources_mean": 0.0, "sources_std": 1.0, "noise_std": [0.08847614377737045, 0.07362797856330872], "mixing_matrix": [[0.33024027943611145], [-0.47395727038383484]]}, "save_b": [[[[0.8883296847343445, 0.23987600207328796], [-1.0233526229858398, -0.27827972173690796], [0.08699076622724533, -0.48257097601890564], [1.9836727380752563, 0.0150729576125741], [1.296275019645691, 0.29327964782714844], [-0.2682136297225952, -0.16869553923606873], [-2.5748472213745117, 0.2643083333969116], [-0.8060956597328186, -0.30933675169944763], [-0.056146290153265, 0.27209463715553284], [1.099817156791687, 0.3993423879146576], [-0.70509934425354, -0.2819611132144928]], [[0.060265280306339264, 0.4298321604728699], [0.3796848952770233, 0.218446284532547], [0.12004511803388596, 0.6432279944419861], [0.039196427911520004, 0.24464954435825348], [0.26342499256134033, 0.12818200886249542], [0.5650629997253418, 0.8257722854614258], [0.050447430461645126, 0.3256700336933136], [0.9889466166496277, 0.9924235343933105], [0.2801129221916199, 0.9275409579277039], [0.8690625429153442, 0.8859314918518066], [0.01640658639371395, 0.02286156825721264]]], [[[-0.37598955631256104, 0.09364420920610428], [0.032395388931035995, -0.5605632066726685], [0.6509996056556702, 1.9764904975891113], [-0.008692389354109764, 0.5598708391189575], [0.49325117468833923, -0.3809415400028229], [-0.1444389522075653, -0.8185656070709229], [-0.1270916759967804, 1.1773524284362793], [-0.22144058346748352, -2.371854543685913], [-0.19855450093746185, 0.13624560832977295], [-0.5516051650047302, 0.3197159469127655], [0.42373785376548767, -0.15907397866249084]], [[0.5986213684082031, 0.33190464973449707], [0.8149139881134033, 0.614759087562561], [0.736492395401001, 0.7699292898178101], [0.31105509400367737, 0.8038093447685242], [0.008472870104014874, 0.4155959486961365], [0.9638270139694214, 0.9663374423980713], [0.8056793212890625, 0.9721130132675171], [0.606814444065094, 0.8416510224342346], [0.23001593351364136, 0.6047067642211914], [0.015133526176214218, 0.25355345010757446], [0.30771392583847046, 0.14738129079341888]]], [[[-6.994828701019287, 0.7443141341209412], [1.1341651678085327, 0.06280533224344254], [-0.34385234117507935, -0.28327733278274536], [-0.07911310344934464, 0.08230142295360565], [-0.29100844264030457, -0.1401091367006302], [-0.14104372262954712, 0.05156859755516052], [-0.20099417865276337, -0.10147910565137863], [0.4615563452243805, -0.16681092977523804], [-0.20916177332401276, -0.014660372398793697], [6.338871479034424, -0.5447837710380554], [0.28003817796707153, 0.30513542890548706]], [[0.5980631113052368, 0.552707314491272], [0.458878755569458, 0.29566800594329834], [0.23882311582565308, 0.43230780959129333], [0.45301640033721924, 0.8566595911979675], [0.06797349452972412, 0.9077571034431458], [0.03814520686864853, 0.09123928844928741], [0.8171742558479309, 0.218384250998497], [0.26377302408218384, 0.6755350828170776], [0.9639593362808228, 0.9813765287399292], [0.6340263485908508, 0.5828917622566223], [0.014330023899674416, 0.7220500707626343]]], [[[0.5208650827407837, 0.24827124178409576], [-0.18335506319999695, -0.20989079773426056], [-0.7333840727806091, -0.28209543228149414], [-0.45496147871017456, -0.6276372671127319], [1.1018966436386108, 0.37608832120895386], [0.29188764095306396, 0.2842804789543152], [-0.7742826342582703, -0.6200847029685974], [0.05068402737379074, 0.888400673866272], [0.06035881116986275, -1.0781383514404297], [-0.7187188863754272, -0.27312615513801575], [0.8206511735916138, 1.2933049201965332]], [[0.624146044254303, 0.1972113996744156], [0.19586044549942017, 0.7527231574058533], [0.9338911771774292, 0.5079113841056824], [0.44802069664001465, 0.6056095957756042], [0.9887194633483887, 0.7921506762504578], [0.6597608923912048, 0.8399950861930847], [0.26209723949432373, 0.2735438346862793], [0.004257965832948685, 0.14048244059085846], [0.04460928216576576, 0.21429432928562164], [0.9814777374267578, 0.9784947037696838], [0.24399161338806152, 0.47383978962898254]]], [[[-2.618990659713745, 0.05020800605416298], [0.012638540007174015, -0.1184147372841835], [-0.08614189177751541, 0.6722124814987183], [0.18500550091266632, 0.2747569978237152], [0.08730153739452362, -0.40556496381759644], [-0.620734453201294, -0.13277758657932281], [0.10944076627492905, 0.08240685611963272], [-0.32509639859199524, -0.12374026328325272], [0.6366143822669983, -0.41739559173583984], [3.035282850265503, 0.12359950691461563], [-0.4287324547767639, -0.01510494016110897]], [[0.5205178260803223, 0.6951776146888733], [0.9522967338562012, 0.9558572769165039], [0.09526664018630981, 0.7292833924293518], [0.7221800088882446, 0.9096660017967224], [0.29400238394737244, 0.9264736771583557], [0.8439937829971313, 0.544544517993927], [-7.519300561398268e-05, 0.06573127210140228], [0.028028158470988274, 0.34972766041755676], [0.13530908524990082, 0.6182020306587219], [0.6438244581222534, 0.6638835072517395], [0.8173277974128723, 0.8383855819702148]]], [[[2.348926544189453, 1.3785723447799683], [2.2664661407470703, 1.2013238668441772], [4.2163004875183105, 2.0601937770843506], [0.07228037714958191, 0.024674758315086365], [-0.6680507659912109, -0.21846747398376465], [-0.42700716853141785, -0.23895739018917084], [0.0865338146686554, 0.08584888279438019], [-4.701873302459717, -2.610414505004883], [-0.7536322474479675, -0.23450148105621338], [-0.348205029964447, -0.3533626198768616], [-2.1061198711395264, -1.0963237285614014]], [[0.07691124081611633, 0.45966851711273193], [0.6672340035438538, 0.39332684874534607], [0.20014965534210205, 0.1601935178041458], [0.629275381565094, 0.78553706407547], [0.008091835305094719, 0.0356113575398922], [0.09549307078123093, 0.8001304268836975], [0.9827129244804382, 0.9623436331748962], [0.14872418344020844, 0.2968253791332245], [0.7436633110046387, 0.5274527668952942], [0.9134562015533447, 0.5706584453582764], [0.49115315079689026, 0.21755126118659973]]], [[[0.012990105897188187, -0.1400047242641449], [0.13207706809043884, 0.2185925543308258], [-0.8182380199432373, -0.18561677634716034], [-0.4567630887031555, 0.07704487442970276], [-0.04668060690164566, 0.05302505940198898], [-0.39521077275276184, 0.4034441411495209], [1.291421890258789, 0.05023211985826492], [-0.2713642716407776, -0.07744857668876648], [-0.1024734154343605, -0.06888395547866821], [0.0019296759273856878, -0.4509429931640625], [0.630111813545227, 0.11484870314598083]], [[0.02785583585500717, 0.3994070589542389], [-0.013710958883166313, 0.7263421416282654], [0.7586047053337097, 0.3750600814819336], [0.7222466468811035, 0.9775973558425903], [0.005298620089888573, -0.007990590296685696], [0.47987744212150574, 0.822205662727356], [0.7488110661506653, 0.8362667560577393], [0.9657188653945923, 0.976847231388092], [0.2813011407852173, 0.4390902817249298], [0.36167290806770325, 0.9280756115913391], [0.6755314469337463, 0.22549277544021606]]], [[[0.5621708631515503, 0.21139603853225708], [0.25751346349716187, 0.08347773551940918], [0.3528917729854584, 0.45603713393211365], [-0.979324460029602, -0.21855859458446503], [-1.9621604681015015, -0.871255099773407], [-0.7349063158035278, -0.6399486660957336], [3.913689613342285, 1.8168866634368896], [0.3132961094379425, 0.20827555656433105], [-0.6170890927314758, -0.2911418378353119], [0.8289835453033447, 0.19381532073020935], [-1.9737634658813477, -0.9611698389053345]], [[0.12074451148509979, 0.8363354802131653], [0.8080843091011047, 0.32214853167533875], [-0.0010514662135392427, 0.001020257011987269], [0.07047257572412491, 0.5157183408737183], [0.977432131767273, 0.9904115796089172], 