{"leaspy_version": "1.1.1-dev", "name": "linearb", "features": ["Y1", "Y2", "Y3"], "dimension": 3, "source_dimension": 1, "loss": "MSE_diag_noise", "parameters": {"g": [6.666998863220215, 2.8103935718536377, 3.5346217155456543], "v0": [0.198538139462471, 0.07079105824232101, 0.24659696221351624], "betas": [[-2.734787940979004], [-1.6489640474319458]], "tau_mean": 70.02617645263672, "tau_std": 5.336738586425781, "xi_mean": 0.0, "xi_std": 0.1167445257306099, "sources_mean": 0.0, "sources_std": 1.0, "noise_std": [1.5238230228424072, 0.9464985132217407, 3.1128458976745605], "mixing_matrix": [[2.439671277999878], [-1.9383007287979126], [-0.6993866562843323]]}, "save_b": [[[[1.9352080821990967, -0.8148820400238037, 0.7289795875549316], [1.0720473527908325, -0.19962279498577118, -2.966742515563965], [-0.40661466121673584, 0.11246044933795929, 1.3762989044189453], [-0.2816168963909149, 0.04800918698310852, -0.4267815351486206], [-1.5902986526489258, 0.676568329334259, -0.6974951028823853], [0.06831474602222443, 0.0688263550400734, 0.17423400282859802]], [[9.196121215820312, -3.870995044708252, -0.8175183534622192], [37.325355529785156, 36.06405258178711, 41.1167106628418], [25.72768783569336, 20.93965721130371, 24.882366180419922], [-1.2986687421798706, -4.723492622375488, -5.408912181854248], [0.9424676895141602, 3.689941883087158, 2.049072504043579], [-14.724746704101562, -13.352188110351562, -17.214651107788086]]], [[[3.8430144786834717, -0.8443976640701294, -2.4966559410095215], [-1.4075785875320435, 0.33215561509132385, 0.667890727519989], [-1.4989920854568481, 0.49014800786972046, 1.4861150979995728], [-3.9218173027038574, 0.8495515584945679, 3.3464434146881104], [0.5423945188522339, -0.20979741215705872, -0.3598440885543823], [2.640232801437378, -0.7024281024932861, -2.5738682746887207]], [[-2.4157540798187256, -9.11603832244873, -9.559972763061523], [-3.966594696044922, -14.630794525146484, -14.364928245544434], [18.028642654418945, 15.612175941467285, 18.124048233032227], [0.2789310812950134, -1.0665197372436523, -2.2910659313201904], [39.3968620300293, 27.36540985107422, 33.21393585205078], [9.686592102050781, 7.467303276062012, 8.377872467041016]]], [[[0.4756946861743927, 0.1589476764202118, -2.2746434211730957], [-0.6437498927116394, -0.6435455679893494, 7.0656657218933105], [1.0872575044631958, 0.7235589623451233, -8.921725273132324], [0.03786632418632507, -0.1446305513381958, 0.9475199580192566], [0.09779820591211319, 0.31548821926116943, -2.526136875152588], [-1.0037639141082764, -0.45501336455345154, 5.997096061706543]], [[-14.273765563964844, -10.586039543151855, -14.77530288696289], [16.477746963500977, 6.531565189361572, 10.341994285583496], [4.3161940574646, 4.351261138916016, 4.091132164001465], [45.6457633972168, 33.996150970458984, 39.716705322265625], [24.55851936340332, 20.440038681030273, 24.191757202148438], [-8.37928581237793, -0.8057833313941956, -4.627538681030273]]], [[[1.005063772201538, -0.5618734359741211, 1.1895556449890137], [0.5611389875411987, 0.26719552278518677, -3.4291625022888184], [-2.1648738384246826, 0.19859062135219574, 4.654374122619629], [-3.452486753463745, 1.4246667623519897, -0.230312779545784], [-0.01896309293806553, -0.2512790560722351, 1.914726734161377], [4.107354640960693, -1.1574684381484985, -3.552696943283081]], [[-8.494660377502441, -15.419663429260254, -17.067028045654297], [14.234731674194336, 15.454449653625488, 16.65435218811035], [4.200338363647461, 4.400660037994385, 3.67136812210083], [-7.5549702644348145, -6.967358112335205, -9.434423446655273], [29.460918426513672, 18.920772552490234, 24.436697006225586], [1.1906228065490723, -4.3784685134887695, -4.469029426574707]]], [[[-2.0843183994293213, 0.8722085356712341, -0.02874048799276352], [2.9799861907958984, -1.084906816482544, -0.9798454642295837], [1.3303182125091553, -0.39061591029167175, -0.9974077343940735], [1.065865159034729, -0.48744603991508484, 0.2734529972076416], [-2.9920973777770996, 1.0010175704956055, 1.3262118101119995], [-0.12442860007286072, 0.08280184119939804, 0.004565113224089146]], [[6.080244064331055, 4.860334396362305, 5.023195266723633], [-0.1966552734375, -6.914380073547363, -6.813477039337158], [-16.573530197143555, -18.560705184936523, -21.87058448791504], [14.61831283569336, 7.765215873718262, 10.853937149047852], [-10.544059753417969, -10.668513298034668, -13.296648979187012], [31.368858337402344, 24.68357276916504, 28.909521102905273]]]], "init_b": "identity", "kernelsettings": {"sigma": 20.52446174621582, "kernel_name": "gaussian"}, "saveparam": [{"g": [6.984591960906982, 2.8264596462249756, 3.6292247772216797], "v0": [0.19901949167251587, 0.07320758700370789, 0.2643085718154907], "betas": [[-2.749681234359741], [-1.5828465223312378]], "tau_mean": 70.16563415527344, "tau_std": 5.313556671142578, "xi_mean": 0.0, "xi_std": 0.11352839320898056, "sources_mean": 0.0, "sources_std": 1.0, "noise_std": [1.5318679809570312, 0.9616484045982361, 3.1325483322143555]}, {"g": [7.038024425506592, 2.8489887714385986, 3.526136636734009], "v0": [0.20474232733249664, 0.07478336989879608, 0.26908552646636963], "betas": [[-2.783454179763794], [-1.5617005825042725]], "tau_mean": 70.15550231933594, "tau_std": 5.299074172973633, "xi_mean": 0.0, "xi_std": 0.11782070994377136, "sources_mean": 0.0, "sources_std": 1.0, "noise_std": [1.539634346961975, 0.9554069638252258, 3.0904431343078613]}, {"g": [6.929438591003418, 2.7711379528045654, 3.5522186756134033], "v0": [0.20120131969451904, 0.06927112489938736, 0.25772833824157715], "betas": [[-2.699284315109253], [-1.655644416809082]], "tau_mean": 70.1187973022461, "tau_std": 5.298333168029785, "xi_mean": 0.0, "xi_std": 0.11882799118757248, "sources_mean": 0.0, "sources_std": 1.0, "noise_std": [1.4880337715148926, 0.9463983178138733, 3.1288185119628906]}, {"g": [6.842286109924316, 2.8376593589782715, 3.514023542404175], "v0": [0.19858425855636597, 0.07504505664110184, 0.2620719075202942], "betas": [[-2.740091323852539], [-1.7058918476104736]], "tau_mean": 70.08015441894531, "tau_std": 5.3179402351379395, "xi_mean": 0.0, "xi_std": 0.11559077352285385, "sources_mean": 0.0, "sources_std": 1.0, "noise_std": [1.5281050205230713, 0.967278003692627, 3.1086044311523438]}, {"g": [6.666998863220215, 2.8103935718536377, 3.5346217155456543], "v0": [0.198538139462471, 0.07079105824232101, 0.24659696221351624], "betas": [[-2.734787940979004], [-1.6489640474319458]], "tau_mean": 70.02617645263672, "tau_std": 5.336738586425781, "xi_mean": 0.0, "xi_std": 0.1167445257306099, "sources_mean": 0.0, "sources_std": 1.0, "noise_std": [1.5238230228424072, 0.9464985132217407, 3.1128458976745605]}]}