{"leaspy_version": "1.1.1-dev", "name": "linearb", "features": ["Y1", "Y2"], "dimension": 2, "source_dimension": 1, "loss": "MSE_diag_noise", "parameters": {"g": [0.6548566818237305, 0.6934078335762024], "v0": [-2.8014113903045654, -4.114194393157959], "betas": [[-0.00194220757111907]], "tau_mean": 69.72648620605469, "tau_std": 4.853625297546387, "xi_mean": 0.0, "xi_std": 0.3745514750480652, "sources_mean": 0.0, "sources_std": 1.0, "noise_std": [0.09696149080991745, 0.07496614009141922], "mixing_matrix": [[0.0005046416190452874], [-0.00187550182454288]]}, "save_b": [[[[0.023227937519550323, -0.03088175319135189], [0.4012453556060791, -0.8800520896911621], [-0.3911218047142029, 0.8090674877166748], [0.025800207629799843, -0.02037302777171135], [0.0828484296798706, -0.170609712600708], [-0.1878870576620102, 0.42398694157600403], [0.01024786289781332, 0.03533489257097244], [0.2512509822845459, -0.371016263961792], [0.01635822467505932, -0.008865082636475563], [0.05145721882581711, -0.03638102859258652], [-0.17264558374881744, 0.16820387542247772]], [[0.009736067615449429, 0.436800092458725], [0.7686278820037842, 0.7271808981895447], [0.8298259377479553, 0.7619872689247131], [2.8227851390838623, 1.377656102180481], [0.9753336310386658, 0.7888922095298767], [0.6022273898124695, 0.6773562431335449], [1.2185901403427124, 0.9413192868232727], [0.45262110233306885, 0.6044816374778748], [1.7591283321380615, 1.0662875175476074], [4.6400556564331055, 1.9280400276184082], [0.36949166655540466, 0.6113259792327881]]], [[[-0.04479162395000458, -0.014888769946992397], [0.024070022627711296, -0.016970235854387283], [0.034446701407432556, 0.014881092123687267], [-0.3048277497291565, 0.3244142234325409], [0.023338574916124344, -0.015770066529512405], [-0.11698460578918457, 0.001476688077673316], [0.01618674024939537, -0.004093967378139496], [0.2224966138601303, -0.3521677255630493], [0.03404742479324341, 0.1458926498889923], [0.048290129750967026, -0.0325041338801384], [0.1713288128376007, -0.12567183375358582]], [[0.2859724462032318, 0.5491552948951721], [0.02669384330511093, 0.44647374749183655], [1.0760287046432495, 0.7835703492164612], [0.5801787376403809, 0.6749805808067322], [2.852609872817993, 1.3131252527236938], [0.803602397441864, 0.7650724649429321], [1.7574106454849243, 1.026423454284668], [0.6794203519821167, 0.6611302495002747], [0.7171220779418945, 0.7446522116661072], [4.7128987312316895, 1.8388714790344238], [0.5058085918426514, 0.6322298049926758]]], [[[-0.36366358399391174, 0.36474230885505676], [0.19259952008724213, -0.23576577007770538], [0.1394028216600418, -0.9674090147018433], [-0.4695790410041809, 0.3217222988605499], [0.22007039189338684, -0.09742840379476547], [-0.8587080240249634, 1.6973775625228882], [0.4091917872428894, -0.43344756960868835], [-0.04209181293845177, -0.008909670636057854], [0.04565836116671562, -0.029951276257634163], [0.7250655293464661, -0.6474689841270447], [0.017277633771300316, -0.01108988095074892]], [[0.3934619128704071, 0.6118439435958862], [0.37675920128822327, 0.5775997042655945], [0.6226375699043274, 0.6813800930976868], [0.7966138124465942, 0.7590638399124146], [0.8678752183914185, 0.767447829246521], [0.6083447933197021, 0.6870176792144775], [0.49772876501083374, 0.6463217735290527], [2.161276340484619, 1.0954011678695679], [4.7734293937683105, 1.7801557779312134], [0.6823474168777466, 0.7036780118942261], [2.7262868881225586, 1.2703169584274292]]], [[[-0.10104652494192123, 0.1578996479511261], [0.12472765147686005, -0.17896966636180878], [0.13523685932159424, -0.1525014340877533], [0.028949787840247154, -0.01465550810098648], [0.0145372049883008, -0.06399720162153244], [-0.0037672719918191433, 0.05332466587424278], [0.013318399898707867, 0.0076914564706385136], [-0.23837493360042572, 0.2828666865825653], [0.0168999582529068, -0.005666833370923996], [0.060707930475473404, -0.038684166967868805], [0.0774710401892662, -0.09859234094619751]], [[0.4983847737312317, 0.6738660931587219], [0.632681131362915, 0.6608100533485413], [0.7543661594390869, 0.740213930606842], [2.8824265003204346, 1.253190279006958], [0.2293565720319748, 0.49874186515808105], [1.2208309173583984, 0.8755676746368408], [-0.06085054576396942, 0.42362654209136963], [0.78786301612854, 0.7781264185905457], [1.7654149532318115, 0.9935402274131775], [4.821890830993652, 1.729565143585205], [0.9724322557449341, 0.8365651369094849]]], [[[-0.011795826256275177, 0.07419400662183762], [0.0560946948826313, -0.1235487088561058], [0.02633604407310486, -0.011380713433027267], [-0.010158654302358627, 0.08639523386955261], [0.024420376867055893, -0.05991943180561066], [0.018501143902540207, -0.0079168900847435], [-0.6751511693000793, 0.992321252822876], [0.05676483362913132, -0.0347328819334507], [0.6415426731109619, -0.9072234630584717], [-0.007947624661028385, -0.04103463515639305], [-0.0011682420736178756, -0.03079535998404026]], [[0.44448649883270264, 0.6142988204956055], [0.6053390502929688, 0.6503746509552002], [2.9142420291900635, 1.2212064266204834], [1.2071044445037842, 0.8731999397277832], [1.3002246618270874, 0.9079068303108215], [-0.07048673927783966, 0.4445420503616333], [0.7424173355102539, 0.7320042848587036], [4.886951923370361, 1.664368987083435], [0.759088397026062, 0.7168781757354736], [0.3224599361419678, 0.5402412414550781], [0.9088915586471558, 0.8074646592140198]]], [[[0.03192989155650139, -0.09860828518867493], [0.035494234412908554, 0.014120119623839855], [-0.17306075990200043, 0.21706198155879974], [-0.562670886516571, 0.760547399520874], [0.01748901978135109, 0.029065465554594994], [0.048990648239851, -0.029471702873706818], [-0.36533164978027344, 0.4063887894153595], [0.17613713443279266, -0.2523253560066223], [0.016653448343276978, -0.006016700994223356], [0.8148773908615112, -1.0555634498596191], [0.04313341900706291, -0.023953145369887352]], [[0.09351056814193726, 0.4244651794433594], [0.6022878289222717, 0.6592907905578613], [0.8024836778640747, 0.8109580874443054], [0.3250436782836914, 0.5500240921974182], [-0.09094589948654175, 0.4182736277580261], [4.941740036010742, 1.6217670440673828], [0.4741637408733368, 0.6206915378570557], [0.7623159885406494, 0.7305008172988892], [2.753246307373047, 1.1856454610824585], [0.38057756423950195, 0.5662726759910583], [1.0359644889831543, 0.8337125182151794]]], [[[-0.13213899731636047, 0.2465912252664566], [-0.038975462317466736, -0.005072277504950762], [0.023241179063916206, -0.09693696349859238], [-0.29611387848854065, 0.17219959199428558], [0.007544900290668011, 0.01976674050092697], [0.6769238710403442, -0.8285403251647949], [0.01458571944385767, -0.007264151703566313], [-1.1247135400772095, 1.1221191883087158], [0.04631726071238518, -0.02758319489657879], [0.07963839918375015, -0.17118506133556366], [0.7597864270210266, -0.46263134479522705]], [[0.38482317328453064, 0.5440108180046082], [2.0544283390045166, 1.0578150749206543], [0.28210797905921936, 0.4928707778453827], [0.72022545337677, 0.7705146670341492], [1.1914340257644653, 0.8775336742401123], [0.5441195368766785, 0.6238424181938171], [1.0509859323501587, 0.8483410477638245], [0.6005988717079163, 0.6718732714653015], [4.989861011505127, 1.5877739191055298], [0.7170432209968567, 0.6691412925720215], [0.6684625744819641, 0.7192569971084595]]], [[[-0.3380892276763916, 0.430046409368515], [0.0236176960170269, -0.008659848012030125], [-0.0030067774932831526, -0.647965669631958], [1.6419247388839722, -2.170717477798462], [-1.777329444885254, 2.249257802963257], [-0.062416933476924896, 0.47983115911483765], [0.041333362460136414, 0.2379034161567688], [0.14473262429237366, -0.12609119713306427], [-0.06115814670920372, 0.034251559525728226], [0.4111221432685852, -0.4714020788669586], [0.045397594571113586, -0.027089446783065796]], [[0.5209308862686157, 0.6823644042015076], [2.934638261795044, 1.2006282806396484], [0.9127030372619629, 0.8349210023880005], [0.609835147857666, 0.673071026802063], [0.6342341303825378, 0.673996090888977], 