{"leaspy_version": "1.1.1-dev", "name": "linearb", "features": ["Y1", "Y2"], "dimension": 2, "source_dimension": 1, "loss": "MSE_diag_noise", "parameters": {"g": [0.432748407125473, 0.58205246925354], "v0": [-1.8277664184570312, -2.026942014694214], "betas": [[0.07973789423704147]], "tau_mean": 69.41670989990234, "tau_std": 4.940237522125244, "xi_mean": 0.0, "xi_std": 0.1847061663866043, "sources_mean": 0.0, "sources_std": 1.0, "noise_std": [0.08265244960784912, 0.07495956867933273], "mixing_matrix": [[-0.050538260489702225], [0.06167670711874962]]}, "save_b": [[[[0.01253446377813816, 0.005732675548642874], [-0.0025638043880462646, 0.002131842775270343], [0.0009088982478715479, -0.00027193670393899083], [0.036701008677482605, -0.012596270069479942], [-0.012362882494926453, -0.014342313632369041], [0.0031292266212403774, -0.000505527772475034], [-0.003096116241067648, 0.002101703779771924], [0.0016098777996376157, -0.00010790974192786962], [0.006520554423332214, -0.007492519449442625], [-0.029032064601778984, -0.00886125024408102], [-0.002782355295494199, -0.020484166219830513], [0.012925728224217892, -0.007738888263702393], [-0.004804035183042288, -0.00019934526062570512], [0.00038245070027187467, 0.0005859413067810237], [0.005543884821236134, 0.0016123723471537232], [-0.01945270597934723, 0.014744405634701252], [-0.04865426570177078, 0.02503177709877491], [0.03131084516644478, 0.008172132074832916], [0.013811384327709675, -0.0036751043517142534], [0.0007526939734816551, -0.0010407469235360622], [-0.001837277552112937, -0.0007980503723956645], [0.002625418361276388, -0.0011539384722709656], [-0.025447484105825424, 0.011128411628305912], [0.016131464391946793, 0.019887184724211693], [0.03380800783634186, 0.017932962626218796], [-0.01610698364675045, 0.005248913075774908], [0.0003845989122055471, 7.771027594571933e-05], [-0.0005354498280212283, 0.0011483841808512807], [0.002182537689805031, -0.003137339139357209], [0.0031092530116438866, -0.0030638794414699078], [0.01868872344493866, -0.020934144034981728], [-0.034760262817144394, -0.03159284591674805]], [[-0.10000000149011612, -0.10000000149011612], [0.14000001549720764, -0.10000000149011612], [0.3800000250339508, -0.10000000149011612], [-0.10000000149011612, 0.14000001549720764], [0.14000001549720764, 0.14000001549720764], [0.3800000250339508, 0.14000001549720764], [0.6200000047683716, 0.14000001549720764], [0.8600000143051147, 0.14000001549720764], [-0.10000000149011612, 0.3800000250339508], [0.14000001549720764, 0.3800000250339508], [0.3800000250339508, 0.3800000250339508], [0.6200000047683716, 0.3800000250339508], [0.8600000143051147, 0.3800000250339508], [1.100000023841858, 0.3800000250339508], [-0.10000000149011612, 0.6200000047683716], [0.14000001549720764, 0.6200000047683716], [0.3800000250339508, 0.6200000047683716], [0.6200000047683716, 0.6200000047683716], [0.8600000143051147, 0.6200000047683716], [1.100000023841858, 0.6200000047683716], [-0.10000000149011612, 0.8600000143051147], [0.14000001549720764, 0.8600000143051147], [0.3800000250339508, 0.8600000143051147], [0.6200000047683716, 0.8600000143051147], [0.8600000143051147, 0.8600000143051147], [1.100000023841858, 0.8600000143051147], [-0.10000000149011612, 1.100000023841858], [0.14000001549720764, 1.100000023841858], [0.3800000250339508, 1.100000023841858], [0.6200000047683716, 1.100000023841858], [0.8600000143051147, 1.100000023841858], [1.100000023841858, 1.100000023841858]]], [[[0.015105661004781723, 0.009933178313076496], [-0.0013882056809961796, 0.0037775582168251276], [0.0006868058117106557, -0.0006902253371663392], [0.03857298195362091, -0.012953445315361023], [-0.021626489236950874, -0.01696198806166649], [0.0018089156365022063, -0.00010374007251812145], [-0.0024478964041918516, 0.002102521015331149], [0.001313262851908803, -0.0005093233194202185], [0.004016862250864506, -0.0026128708850592375], [-0.028827492147684097, -0.008803363889455795], [0.016541745513677597, -0.028634896501898766], [0.010122225619852543, -0.0068437387235462666], [-0.0026591282803565264, 0.0002857463259715587], [-0.0008304004441015422, 0.0006769842002540827], [0.008244522847235203, 0.0027608766686171293], [-0.03043055720627308, 0.025838535279035568], [-0.030553678050637245, 0.015787458047270775], [0.0351782850921154, -0.002903037704527378], [0.01379629410803318, -0.011864067986607552], [0.0030651947017759085, -0.0004670830676332116], [-0.0010294122621417046, -0.0017665567575022578], [-0.002708455314859748, 0.001167972106486559], [-0.03372829407453537, 0.020328542217612267], [0.007571622263640165, 0.014985160902142525], [0.03674314543604851, 0.026967622339725494], [-0.02307382971048355, 0.00860783364623785], [0.000218673434574157, 0.00020738215243909508], [0.000491043203510344, 0.0012107702204957604], [0.0023060478270053864, -0.005272137001156807], [0.001075323554687202, 9.730703459354118e-05], [0.02145068533718586, -0.0238127950578928], [-0.03723800182342529, -0.03376170992851257]], [[-0.10000000149011612, -0.10000000149011612], [0.14000001549720764, -0.10000000149011612], [0.3800000250339508, -0.10000000149011612], [-0.10000000149011612, 0.14000001549720764], [0.14000001549720764, 0.14000001549720764], [0.3800000250339508, 0.14000001549720764], [0.6200000047683716, 0.14000001549720764], [0.8600000143051147, 0.14000001549720764], [-0.10000000149011612, 0.3800000250339508], [0.14000001549720764, 0.3800000250339508], [0.3800000250339508, 0.3800000250339508], [0.6200000047683716, 0.3800000250339508], [0.8600000143051147, 0.3800000250339508], [1.100000023841858, 0.3800000250339508], [-0.10000000149011612, 0.6200000047683716], [0.14000001549720764, 0.6200000047683716], [0.3800000250339508, 0.6200000047683716], [0.6200000047683716, 0.6200000047683716], [0.8600000143051147, 0.6200000047683716], [1.100000023841858, 0.6200000047683716], [-0.10000000149011612, 0.8600000143051147], [0.14000001549720764, 0.8600000143051147], [0.3800000250339508, 0.8600000143051147], [0.6200000047683716, 0.8600000143051147], [0.8600000143051147, 0.8600000143051147], [1.100000023841858, 0.8600000143051147], [-0.10000000149011612, 1.100000023841858], [0.14000001549720764, 1.100000023841858], [0.3800000250339508, 1.100000023841858], [0.6200000047683716, 1.100000023841858], [0.8600000143051147, 1.100000023841858], [1.100000023841858, 1.100000023841858]]], [[[0.01799977570772171, 0.018464284017682076], [-0.0020789606496691704, 0.008107788860797882], [-0.0011184276081621647, -0.0007415455766022205], [0.04146905988454819, -0.016539625823497772], [-0.04106271639466286, -0.01570316217839718], [0.006300550419837236, -0.003218844998627901], [-0.00144951231777668, 0.002507526893168688], [0.0005724314833059907, -0.0011628184001892805], [0.004759336356073618, 0.0032975648064166307], [-0.021738003939390182, -0.009436518885195255], [0.02295912802219391, -0.02624606154859066], [0.008012005127966404, -0.008796482346951962], [0.0012826819438487291, 0.0011125423479825258], [-0.00212601269595325, 0.0011591962538659573], [0.009147563949227333, 0.008525793440639973], [-0.028477149084210396, 0.026256872341036797], [-0.007213832810521126, -0.001079487963579595], [0.02408592961728573, 0.0018608331447467208], [0.018965547904372215, -0.02582550421357155], [0.0037159547209739685, -0.0012250376166775823], [0.0008066808222793043, -0.0033357597421854734], [-0.014133848249912262, 0.0076147327199578285], [-0.026055041700601578, 0.024636749178171158], [-0.004817483946681023, 0.0026627788320183754], [0.03093012422323227, 0.04026547074317932], [-0.028364570811390877, 0.018589774146676064], [0.00020102951384615153, 0.0005485364818014205], [0.0009222159278579056, 0.0005741189233958721], [-0.0002750858839135617, -0.004695781506597996], [-0.0033653462305665016, 0.001798295066691935], [0.03140423819422722, -0.02828085795044899], [-0.04048515483736992, -0.03713551163673401]], [[-0.10000000149011612, -0.10000000149011612], [0.14000001549720764, -0.10000000149011612], [0.3800000250339508, -0.10000000149011612], 