{"leaspy_version": "1.1.1-dev", "name": "linearb", "features": ["Y1", "Y2"], "dimension": 2, "source_dimension": 1, "loss": "MSE_diag_noise", "parameters": {"g": [0.432748407125473, 0.58205246925354], "v0": [-1.8277664184570312, -2.026942014694214], "betas": [[0.07973789423704147]], "tau_mean": 69.41670989990234, "tau_std": 4.940237522125244, "xi_mean": 0.0, "xi_std": 0.1847061663866043, "sources_mean": 0.0, "sources_std": 1.0, "noise_std": [0.08265244960784912, 0.07495956867933273], "mixing_matrix": [[-0.050538260489702225], [0.06167670711874962]]}, "save_b": [[