{"name": "logistic", "features": ["Y0", "Y1", "Y2", "Y3"], "dimension": 4, "source_dimension": 4, "parameters": {"g": [1.9503766298294067, 2.5188708305358887, 2.4782958030700684, 2.12349796295166], "v0": [-3.3395724296569824, -3.3448662757873535, -3.3297739028930664, -3.339272975921631], "betas": [[0.01824932172894478, 0.007877970114350319, 0.008203107863664627, 0.0075070722959935665], [0.021480344235897064, 0.005070977378636599, 0.013144664466381073, 0.0009135898435488343], [0.025704266503453255, 0.0029027466662228107, 0.012751433067023754, -0.008682052604854107]], "tau_mean": 76.45596313476562, "tau_std": 0.9674891233444214, "xi_mean": 0.0, "xi_std": 0.1508299559354782, "sources_mean": 0.0, "sources_std": 1.0, "noise_std": 0.36531582474708557, "mixing_matrix": [[0.03324978053569794, 0.008163691498339176, 0.017357533797621727, 0.00015414241352118552], [-0.014186347834765911, -8.583587623434141e-05, -0.008729432709515095, 0.0073567042127251625], [-0.011246212758123875, -0.002964249113574624, -0.003939729183912277, 0.0007618731469847262], [-0.004677054472267628, -0.004556663334369659, -0.0031086665112525225, -0.00882289744913578]]}}