{"name": "logistic", "features": ["Y0", "Y1", "Y2", "Y3"], "dimension": 4, "source_dimension": 4, "parameters": {"g": [1.9218097925186157, 2.5104868412017822, 2.4509873390197754, 2.149561882019043], "v0": [-3.2994978427886963, -3.292335033416748, -3.2827014923095703, -3.275911569595337], "betas": [[-0.014755222015082836, -0.005650153383612633, -0.011745922267436981, 0.020205453038215637], [-0.016735373064875603, 0.020513024181127548, -0.01130661927163601, 0.007747018244117498], [-0.015187740325927734, 0.016388358548283577, -0.012907050549983978, 0.01423767488449812]], "tau_mean": 76.40474700927734, "tau_std": 1.0276926755905151, "xi_mean": 0.0, "xi_std": 0.18674670159816742, "sources_mean": 0.0, "sources_std": 1.0, "noise_std": 0.37210384011268616, "mixing_matrix": [[-0.02393488958477974, 0.015875332057476044, -0.01840900629758835, 0.0216194000095129], [0.008312013931572437, -0.020949995145201683, 0.005995746701955795, -0.0006302340188995004], [0.006342096254229546, 0.005206394009292126, 0.00644292077049613, -0.013097911141812801], [0.006801918614655733, 0.0018032423686236143, 0.004005822818726301, -0.005624679382890463]]}}